Parameters: temperature=180, feed rate=5, feed length=200, turn off hot end=False
time;temperature;force;slip
0.000000000000000000e+00;1.800200000000000102e+02;0.000000000000000000e+00;1.000000000000000000e+02
1.000000000000000056e-01;1.807100000000000080e+02;-4.879999999999999893e-01;6.909000000000000341e+01
2.000000000000000111e-01;1.814699999999999989e+02;-4.879999999999999893e-01;8.446999999999999886e+01
2.999999999999999889e-01;1.818700000000000045e+02;2.036000000000000032e+00;8.962999999999999545e+01
4.000000000000000222e-01;1.812400000000000091e+02;2.036000000000000032e+00;9.220999999999999375e+01
5.000000000000000000e-01;1.814199999999999875e+02;2.540000000000000036e+00;9.376999999999999602e+01
5.999999999999999778e-01;1.816800000000000068e+02;2.540000000000000036e+00;9.479999999999999716e+01
6.999999999999999556e-01;1.817599999999999909e+02;2.407999999999999918e+00;9.554999999999999716e+01
8.000000000000000444e-01;1.818199999999999932e+02;2.407999999999999918e+00;9.610999999999999943e+01
9.000000000000000222e-01;1.822199999999999989e+02;2.439000000000000057e+00;9.654000000000000625e+01
1.000000000000000000e+00;1.824000000000000057e+02;2.439000000000000057e+00;9.687999999999999545e+01
1.100000000000000089e+00;1.823400000000000034e+02;2.275999999999999801e+00;9.717000000000000171e+01
1.199999999999999956e+00;1.826599999999999966e+02;2.275999999999999801e+00;9.740000000000000568e+01
1.300000000000000044e+00;1.827400000000000091e+02;2.109999999999999876e+00;9.759999999999999432e+01
1.399999999999999911e+00;1.827400000000000091e+02;2.109999999999999876e+00;9.776999999999999602e+01
1.500000000000000000e+00;1.828400000000000034e+02;1.939000000000000057e+00;9.792000000000000171e+01
1.600000000000000089e+00;1.830500000000000114e+02;1.939000000000000057e+00;9.804999999999999716e+01
1.699999999999999956e+00;1.833199999999999932e+02;1.788000000000000034e+00;9.817000000000000171e+01
1.800000000000000044e+00;1.834000000000000057e+02;1.788000000000000034e+00;9.826999999999999602e+01
1.899999999999999911e+00;1.834499999999999886e+02;1.518999999999999906e+00;9.835999999999999943e+01
2.000000000000000000e+00;1.835999999999999943e+02;1.518999999999999906e+00;9.843999999999999773e+01
2.100000000000000089e+00;1.836200000000000045e+02;1.713999999999999968e+00;9.851999999999999602e+01
2.200000000000000178e+00;1.837700000000000102e+02;1.713999999999999968e+00;9.857999999999999829e+01
2.299999999999999822e+00;1.839099999999999966e+02;1.808000000000000052e+00;9.864000000000000057e+01
2.399999999999999911e+00;1.839000000000000057e+02;1.808000000000000052e+00;9.870000000000000284e+01
2.500000000000000000e+00;1.839900000000000091e+02;1.889999999999999902e+00;9.875000000000000000e+01
2.600000000000000089e+00;1.843199999999999932e+02;1.889999999999999902e+00;9.879999999999999716e+01
2.700000000000000178e+00;1.843799999999999955e+02;1.909000000000000030e+00;9.884999999999999432e+01
2.799999999999999822e+00;1.843100000000000023e+02;1.909000000000000030e+00;9.889000000000000057e+01
2.899999999999999911e+00;1.851399999999999864e+02;1.997999999999999998e+00;9.893000000000000682e+01
3.000000000000000000e+00;1.844900000000000091e+02;1.997999999999999998e+00;9.895999999999999375e+01
3.100000000000000089e+00;1.859199999999999875e+02;2.045999999999999819e+00;9.798999999999999488e+01
3.200000000000000178e+00;1.848000000000000114e+02;2.045999999999999819e+00;9.512999999999999545e+01
3.299999999999999822e+00;1.847400000000000091e+02;5.761000000000000121e+00;9.243999999999999773e+01
3.399999999999999911e+00;1.848700000000000045e+02;5.761000000000000121e+00;8.992000000000000171e+01
3.500000000000000000e+00;1.846800000000000068e+02;2.781700000000000017e+01;8.753000000000000114e+01
3.600000000000000089e+00;1.846500000000000057e+02;2.781700000000000017e+01;8.528000000000000114e+01
3.700000000000000178e+00;1.848199999999999932e+02;4.403600000000000136e+01;8.315000000000000568e+01
3.799999999999999822e+00;1.851999999999999886e+02;4.403600000000000136e+01;8.112999999999999545e+01
3.899999999999999911e+00;1.851399999999999864e+02;4.129200000000000159e+01;7.920999999999999375e+01
4.000000000000000000e+00;1.844600000000000080e+02;4.129200000000000159e+01;7.740000000000000568e+01
4.099999999999999645e+00;1.854399999999999977e+02;3.089399999999999835e+01;7.567000000000000171e+01
4.200000000000000178e+00;1.850600000000000023e+02;3.089399999999999835e+01;7.328000000000000114e+01
4.299999999999999822e+00;1.852199999999999989e+02;2.849099999999999966e+01;7.171999999999999886e+01
4.400000000000000355e+00;1.855399999999999920e+02;2.849099999999999966e+01;7.023999999999999488e+01
4.500000000000000000e+00;1.856500000000000057e+02;2.752700000000000102e+01;6.881999999999999318e+01
4.599999999999999645e+00;1.855699999999999932e+02;2.752700000000000102e+01;6.746999999999999886e+01
4.700000000000000178e+00;1.854399999999999977e+02;2.704400000000000048e+01;6.551000000000000512e+01
4.799999999999999822e+00;1.854600000000000080e+02;2.704400000000000048e+01;6.428000000000000114e+01
4.900000000000000355e+00;1.853400000000000034e+02;2.651899999999999835e+01;6.310000000000000142e+01
5.000000000000000000e+00;1.853199999999999932e+02;2.651899999999999835e+01;6.196999999999999886e+01
5.099999999999999645e+00;1.857199999999999989e+02;2.618900000000000006e+01;6.088000000000000256e+01
5.200000000000000178e+00;1.866399999999999864e+02;2.618900000000000006e+01;5.982999999999999829e+01
5.299999999999999822e+00;1.858000000000000114e+02;2.615500000000000114e+01;5.882999999999999829e+01
5.400000000000000355e+00;1.852199999999999989e+02;2.615500000000000114e+01;5.728000000000000114e+01
5.500000000000000000e+00;1.855699999999999932e+02;2.611199999999999832e+01;5.635999999999999943e+01
5.599999999999999645e+00;1.865399999999999920e+02;2.611199999999999832e+01;5.546000000000000085e+01
5.700000000000000178e+00;1.855000000000000000e+02;2.614199999999999946e+01;5.460000000000000142e+01
5.799999999999999822e+00;1.858600000000000136e+02;2.614199999999999946e+01;5.377000000000000313e+01
5.900000000000000355e+00;1.855600000000000023e+02;2.610600000000000165e+01;5.243999999999999773e+01
6.000000000000000000e+00;1.854900000000000091e+02;2.610600000000000165e+01;5.167999999999999972e+01
6.099999999999999645e+00;1.861699999999999875e+02;2.623600000000000065e+01;5.093999999999999773e+01
6.200000000000000178e+00;1.866100000000000136e+02;2.623600000000000065e+01;5.021999999999999886e+01
6.299999999999999822e+00;1.862199999999999989e+02;2.623699999999999832e+01;4.952000000000000313e+01
6.400000000000000355e+00;1.858199999999999932e+02;2.623699999999999832e+01;4.835999999999999943e+01
6.500000000000000000e+00;1.853899999999999864e+02;2.629599999999999937e+01;4.771999999999999886e+01
6.599999999999999645e+00;1.854900000000000091e+02;2.629599999999999937e+01;4.709000000000000341e+01
6.700000000000000178e+00;1.859600000000000080e+02;2.622599999999999909e+01;4.649000000000000199e+01
6.799999999999999822e+00;1.857500000000000000e+02;2.622599999999999909e+01;4.589999999999999858e+01
6.900000000000000355e+00;1.858499999999999943e+02;2.635500000000000043e+01;4.488000000000000256e+01
7.000000000000000000e+00;1.852800000000000011e+02;2.635500000000000043e+01;4.432999999999999829e+01
7.099999999999999645e+00;1.852599999999999909e+02;2.660800000000000054e+01;4.378999999999999915e+01
7.200000000000000178e+00;1.853700000000000045e+02;2.660800000000000054e+01;4.327000000000000313e+01
7.299999999999999822e+00;1.842800000000000011e+02;2.687099999999999866e+01;4.277000000000000313e+01
7.400000000000000355e+00;1.854399999999999977e+02;2.687099999999999866e+01;4.228000000000000114e+01
7.500000000000000000e+00;1.855999999999999943e+02;2.714499999999999957e+01;4.179999999999999716e+01
7.599999999999999645e+00;1.851599999999999966e+02;2.714499999999999957e+01;4.092999999999999972e+01
7.700000000000000178e+00;1.850999999999999943e+02;2.750000000000000000e+01;4.047999999999999687e+01
7.799999999999999822e+00;1.852700000000000102e+02;2.750000000000000000e+01;4.003999999999999915e+01
7.900000000000000355e+00;1.855000000000000000e+02;2.786199999999999832e+01;3.961999999999999744e+01
8.000000000000000000e+00;1.853600000000000136e+02;2.786199999999999832e+01;3.921000000000000085e+01
8.099999999999999645e+00;1.854199999999999875e+02;2.825799999999999912e+01;3.879999999999999716e+01
8.199999999999999289e+00;1.848499999999999943e+02;2.825799999999999912e+01;3.803000000000000114e+01
8.300000000000000711e+00;1.845800000000000125e+02;2.875100000000000122e+01;3.764999999999999858e+01
8.400000000000000355e+00;1.831800000000000068e+02;2.875100000000000122e+01;3.727000000000000313e+01
8.500000000000000000e+00;1.848000000000000114e+02;2.951399999999999935e+01;3.690999999999999659e+01
8.599999999999999645e+00;1.850200000000000102e+02;2.951399999999999935e+01;3.656000000000000227e+01
8.699999999999999289e+00;1.849300000000000068e+02;2.985200000000000031e+01;3.621999999999999886e+01
8.800000000000000711e+00;1.847700000000000102e+02;2.985200000000000031e+01;3.588000000000000256e+01
8.900000000000000355e+00;1.847599999999999909e+02;3.037300000000000111e+01;3.553999999999999915e+01
9.000000000000000000e+00;1.845600000000000023e+02;3.037300000000000111e+01;3.486999999999999744e+01
9.099999999999999645e+00;1.843899999999999864e+02;3.101599999999999824e+01;3.456000000000000227e+01
9.199999999999999289e+00;1.837400000000000091e+02;3.101599999999999824e+01;3.425000000000000000e+01
9.300000000000000711e+00;1.843499999999999943e+02;3.166000000000000014e+01;3.396000000000000085e+01
9.400000000000000355e+00;1.844199999999999875e+02;3.166000000000000014e+01;3.367000000000000171e+01
9.500000000000000000e+00;1.830399999999999920e+02;3.200500000000000256e+01;3.304999999999999716e+01
9.599999999999999645e+00;1.840099999999999909e+02;3.200500000000000256e+01;3.277000000000000313e+01
9.699999999999999289e+00;1.839600000000000080e+02;3.236999999999999744e+01;3.250000000000000000e+01
9.800000000000000711e+00;1.843199999999999932e+02;3.236999999999999744e+01;3.224000000000000199e+01
9.900000000000000355e+00;1.840600000000000023e+02;3.264800000000000324e+01;3.198000000000000043e+01
1.000000000000000000e+01;1.838899999999999864e+02;3.264800000000000324e+01;3.171999999999999886e+01
1.009999999999999964e+01;1.838400000000000034e+02;3.264500000000000313e+01;3.116000000000000014e+01
1.019999999999999929e+01;1.831200000000000045e+02;3.264500000000000313e+01;3.092000000000000171e+01
1.030000000000000071e+01;1.836599999999999966e+02;3.253699999999999903e+01;3.067999999999999972e+01
1.040000000000000036e+01;1.836399999999999864e+02;3.253699999999999903e+01;3.044999999999999929e+01
1.050000000000000000e+01;1.837199999999999989e+02;3.201500000000000057e+01;3.023000000000000043e+01
1.059999999999999964e+01;1.836200000000000045e+02;3.201500000000000057e+01;3.000000000000000000e+01
1.069999999999999929e+01;1.837100000000000080e+02;3.140200000000000102e+01;2.978000000000000114e+01
1.080000000000000071e+01;1.831500000000000057e+02;3.140200000000000102e+01;2.926999999999999957e+01
1.090000000000000036e+01;1.830500000000000114e+02;3.139699999999999847e+01;2.905999999999999872e+01
1.100000000000000000e+01;1.830399999999999920e+02;3.139699999999999847e+01;2.885999999999999943e+01
1.109999999999999964e+01;1.832800000000000011e+02;3.179799999999999827e+01;2.866000000000000014e+01
1.119999999999999929e+01;1.832299999999999898e+02;3.179799999999999827e+01;2.846000000000000085e+01
1.130000000000000071e+01;1.829600000000000080e+02;3.184600000000000009e+01;2.826999999999999957e+01
1.140000000000000036e+01;1.828700000000000045e+02;3.184600000000000009e+01;2.807000000000000028e+01
1.150000000000000000e+01;1.825999999999999943e+02;3.164199999999999946e+01;2.760999999999999943e+01
1.159999999999999964e+01;1.825399999999999920e+02;3.164199999999999946e+01;2.742999999999999972e+01
1.169999999999999929e+01;1.824499999999999886e+02;3.203099999999999881e+01;2.725000000000000000e+01
1.180000000000000071e+01;1.825200000000000102e+02;3.203099999999999881e+01;2.707999999999999829e+01
1.190000000000000036e+01;1.824399999999999977e+02;3.298199999999999932e+01;2.691000000000000014e+01
1.200000000000000000e+01;1.824099999999999966e+02;3.298199999999999932e+01;2.673999999999999844e+01
1.209999999999999964e+01;1.823600000000000136e+02;3.301299999999999812e+01;2.657000000000000028e+01
1.219999999999999929e+01;1.816500000000000057e+02;3.301299999999999812e+01;2.614999999999999858e+01
1.230000000000000071e+01;1.823899999999999864e+02;3.363600000000000279e+01;2.598000000000000043e+01
1.240000000000000036e+01;1.817599999999999909e+02;3.363600000000000279e+01;2.582999999999999829e+01
1.250000000000000000e+01;1.820399999999999920e+02;3.472399999999999665e+01;2.567999999999999972e+01
1.259999999999999964e+01;1.817899999999999920e+02;3.472399999999999665e+01;2.551999999999999957e+01
1.269999999999999929e+01;1.818199999999999932e+02;3.532000000000000028e+01;2.537000000000000099e+01
1.280000000000000071e+01;1.816999999999999886e+02;3.532000000000000028e+01;2.498000000000000043e+01
1.290000000000000036e+01;1.802400000000000091e+02;3.555199999999999960e+01;2.483999999999999986e+01
1.300000000000000000e+01;1.812299999999999898e+02;3.555199999999999960e+01;2.469000000000000128e+01
1.309999999999999964e+01;1.809399999999999977e+02;3.580100000000000193e+01;2.455000000000000071e+01
1.319999999999999929e+01;1.810600000000000023e+02;3.580100000000000193e+01;2.442000000000000171e+01
1.330000000000000071e+01;1.811100000000000136e+02;3.589500000000000313e+01;2.428999999999999915e+01
1.340000000000000036e+01;1.805399999999999920e+02;3.589500000000000313e+01;2.392000000000000171e+01
1.350000000000000000e+01;1.804799999999999898e+02;3.672599999999999909e+01;2.378999999999999915e+01
1.359999999999999964e+01;1.803400000000000034e+02;3.672599999999999909e+01;2.366000000000000014e+01
1.369999999999999929e+01;1.804000000000000057e+02;3.727700000000000102e+01;2.353000000000000114e+01
1.380000000000000071e+01;1.805200000000000102e+02;3.727700000000000102e+01;2.341000000000000014e+01
1.390000000000000036e+01;1.804199999999999875e+02;3.686899999999999977e+01;2.328999999999999915e+01
1.400000000000000000e+01;1.799600000000000080e+02;3.686899999999999977e+01;2.317000000000000171e+01
1.409999999999999964e+01;1.798000000000000114e+02;3.766599999999999682e+01;2.282999999999999829e+01
1.419999999999999929e+01;1.798000000000000114e+02;3.766599999999999682e+01;2.271000000000000085e+01
1.430000000000000071e+01;1.797599999999999909e+02;3.829699999999999704e+01;2.260000000000000142e+01
1.440000000000000036e+01;1.796599999999999966e+02;3.829699999999999704e+01;2.248999999999999844e+01
1.450000000000000000e+01;1.797500000000000000e+02;3.842699999999999960e+01;2.237999999999999901e+01
1.459999999999999964e+01;1.797400000000000091e+02;3.842699999999999960e+01;2.226999999999999957e+01
1.469999999999999929e+01;1.797199999999999989e+02;3.878399999999999892e+01;2.216000000000000014e+01
1.480000000000000071e+01;1.794499999999999886e+02;3.878399999999999892e+01;2.205999999999999872e+01
1.490000000000000036e+01;1.790800000000000125e+02;3.908100000000000307e+01;2.173999999999999844e+01
1.500000000000000000e+01;1.789600000000000080e+02;3.908100000000000307e+01;2.164000000000000057e+01
1.509999999999999964e+01;1.789000000000000057e+02;3.928799999999999670e+01;2.153999999999999915e+01
1.519999999999999929e+01;1.788400000000000034e+02;3.928799999999999670e+01;2.144000000000000128e+01
1.530000000000000071e+01;1.788700000000000045e+02;3.948799999999999955e+01;2.133999999999999986e+01
1.540000000000000036e+01;1.788199999999999932e+02;3.948799999999999955e+01;2.125000000000000000e+01
1.550000000000000000e+01;1.786599999999999966e+02;4.018299999999999983e+01;2.114999999999999858e+01
1.559999999999999964e+01;1.784799999999999898e+02;4.018299999999999983e+01;2.105999999999999872e+01
1.569999999999999929e+01;1.785699999999999932e+02;4.011500000000000199e+01;2.096000000000000085e+01
1.580000000000000071e+01;1.784099999999999966e+02;4.011500000000000199e+01;2.087000000000000099e+01
1.590000000000000036e+01;1.784799999999999898e+02;4.005899999999999750e+01;2.078000000000000114e+01
1.600000000000000000e+01;1.788000000000000114e+02;4.005899999999999750e+01;2.050000000000000000e+01
1.610000000000000142e+01;1.779399999999999977e+02;4.034000000000000341e+01;2.041000000000000014e+01
1.619999999999999929e+01;1.775999999999999943e+02;4.034000000000000341e+01;2.032000000000000028e+01
1.630000000000000071e+01;1.776299999999999955e+02;3.974600000000000222e+01;2.023999999999999844e+01
1.639999999999999858e+01;1.775300000000000011e+02;3.974600000000000222e+01;2.014999999999999858e+01
1.650000000000000000e+01;1.773899999999999864e+02;4.022800000000000153e+01;2.007000000000000028e+01
1.660000000000000142e+01;1.778300000000000125e+02;4.022800000000000153e+01;1.998999999999999844e+01
1.669999999999999929e+01;1.775399999999999920e+02;4.122899999999999920e+01;1.991000000000000014e+01
1.680000000000000071e+01;1.772400000000000091e+02;4.122899999999999920e+01;1.982999999999999829e+01
1.689999999999999858e+01;1.774399999999999977e+02;4.293200000000000216e+01;1.975000000000000000e+01
1.700000000000000000e+01;1.771599999999999966e+02;4.293200000000000216e+01;1.948999999999999844e+01
1.710000000000000142e+01;1.771200000000000045e+02;4.348499999999999943e+01;1.941000000000000014e+01
1.719999999999999929e+01;1.770800000000000125e+02;4.348499999999999943e+01;1.933999999999999986e+01
1.730000000000000071e+01;1.769099999999999966e+02;4.279999999999999716e+01;1.926000000000000156e+01
1.739999999999999858e+01;1.770999999999999943e+02;4.279999999999999716e+01;1.919000000000000128e+01
1.750000000000000000e+01;1.770900000000000034e+02;4.121500000000000341e+01;1.912000000000000099e+01
1.760000000000000142e+01;1.769399999999999977e+02;4.121500000000000341e+01;1.903999999999999915e+01
1.769999999999999929e+01;1.766599999999999966e+02;4.125300000000000011e+01;1.880000000000000071e+01
1.780000000000000071e+01;1.765200000000000102e+02;4.125300000000000011e+01;1.873000000000000043e+01
1.789999999999999858e+01;1.765300000000000011e+02;4.190400000000000347e+01;1.866000000000000014e+01
1.800000000000000000e+01;1.765999999999999943e+02;4.190400000000000347e+01;1.858999999999999986e+01
1.810000000000000142e+01;1.767599999999999909e+02;4.170700000000000074e+01;1.851999999999999957e+01
1.819999999999999929e+01;1.768199999999999932e+02;4.170700000000000074e+01;1.846000000000000085e+01
1.830000000000000071e+01;1.764099999999999966e+02;4.154899999999999949e+01;1.839000000000000057e+01
1.839999999999999858e+01;1.762599999999999909e+02;4.154899999999999949e+01;1.816000000000000014e+01
1.850000000000000000e+01;1.763799999999999955e+02;4.121399999999999864e+01;1.810000000000000142e+01
1.860000000000000142e+01;1.763100000000000023e+02;4.121399999999999864e+01;1.803000000000000114e+01
1.869999999999999929e+01;1.765500000000000114e+02;4.075399999999999778e+01;1.796999999999999886e+01
1.880000000000000071e+01;1.764600000000000080e+02;4.075399999999999778e+01;1.791000000000000014e+01
1.889999999999999858e+01;1.766399999999999864e+02;4.191400000000000148e+01;1.785000000000000142e+01
1.900000000000000000e+01;1.761800000000000068e+02;4.191400000000000148e+01;1.762000000000000099e+01
1.910000000000000142e+01;1.762299999999999898e+02;4.356499999999999773e+01;1.757000000000000028e+01
1.919999999999999929e+01;1.761699999999999875e+02;4.356499999999999773e+01;1.751000000000000156e+01
1.930000000000000071e+01;1.767800000000000011e+02;4.278699999999999903e+01;1.744999999999999929e+01
1.939999999999999858e+01;1.764799999999999898e+02;4.278699999999999903e+01;1.739999999999999858e+01
1.950000000000000000e+01;1.764799999999999898e+02;4.222899999999999920e+01;1.733999999999999986e+01
1.960000000000000142e+01;1.765099999999999909e+02;4.222899999999999920e+01;1.728000000000000114e+01
1.969999999999999929e+01;1.768400000000000034e+02;4.171999999999999886e+01;1.707000000000000028e+01
1.980000000000000071e+01;1.763600000000000136e+02;4.171999999999999886e+01;1.701999999999999957e+01
1.989999999999999858e+01;1.761299999999999955e+02;4.168699999999999761e+01;1.696000000000000085e+01
2.000000000000000000e+01;1.764600000000000080e+02;4.168699999999999761e+01;1.691000000000000014e+01
2.010000000000000142e+01;1.766200000000000045e+02;4.203799999999999670e+01;1.685999999999999943e+01
2.019999999999999929e+01;1.767800000000000011e+02;4.203799999999999670e+01;1.680999999999999872e+01
2.030000000000000071e+01;1.766800000000000068e+02;4.229399999999999693e+01;1.676000000000000156e+01
2.039999999999999858e+01;1.767400000000000091e+02;4.229399999999999693e+01;1.655999999999999872e+01
2.050000000000000000e+01;1.763600000000000136e+02;4.209000000000000341e+01;1.651000000000000156e+01
2.060000000000000142e+01;1.765000000000000000e+02;4.209000000000000341e+01;1.646000000000000085e+01
2.069999999999999929e+01;1.765200000000000102e+02;4.096200000000000330e+01;1.641000000000000014e+01
2.080000000000000071e+01;1.761699999999999875e+02;4.096200000000000330e+01;1.635999999999999943e+01
2.089999999999999858e+01;1.770699999999999932e+02;4.096900000000000119e+01;1.630999999999999872e+01
2.100000000000000000e+01;1.769600000000000080e+02;4.096900000000000119e+01;1.626000000000000156e+01
2.110000000000000142e+01;1.765099999999999909e+02;4.277799999999999869e+01;1.621999999999999886e+01
2.119999999999999929e+01;1.772400000000000091e+02;4.277799999999999869e+01;1.617000000000000171e+01
2.130000000000000071e+01;1.771599999999999966e+02;4.359499999999999886e+01;1.612999999999999901e+01
2.139999999999999858e+01;1.768600000000000136e+02;4.359499999999999886e+01;1.593999999999999950e+01
2.150000000000000000e+01;1.769799999999999898e+02;4.376299999999999812e+01;1.589000000000000057e+01
2.160000000000000142e+01;1.760800000000000125e+02;4.376299999999999812e+01;1.584999999999999964e+01
2.169999999999999929e+01;1.772500000000000000e+02;4.374000000000000199e+01;1.580000000000000071e+01
2.180000000000000071e+01;1.771599999999999966e+02;4.374000000000000199e+01;1.575999999999999979e+01
2.189999999999999858e+01;1.776399999999999864e+02;4.362599999999999767e+01;1.572000000000000064e+01
2.200000000000000000e+01;1.775000000000000000e+02;4.362599999999999767e+01;1.567999999999999972e+01
2.210000000000000142e+01;1.774399999999999977e+02;4.294500000000000028e+01;1.564000000000000057e+01
2.219999999999999929e+01;1.785800000000000125e+02;4.294500000000000028e+01;1.544999999999999929e+01
2.230000000000000071e+01;1.775000000000000000e+02;4.308200000000000074e+01;1.541000000000000014e+01
2.239999999999999858e+01;1.768199999999999932e+02;4.308200000000000074e+01;1.538000000000000078e+01
2.250000000000000000e+01;1.776999999999999886e+02;4.370600000000000307e+01;1.533999999999999986e+01
2.260000000000000142e+01;1.778700000000000045e+02;4.370600000000000307e+01;1.530000000000000071e+01
2.269999999999999929e+01;1.777599999999999909e+02;4.376700000000000301e+01;1.525999999999999979e+01
2.280000000000000071e+01;1.780800000000000125e+02;4.376700000000000301e+01;1.522000000000000064e+01
2.289999999999999858e+01;1.781299999999999955e+02;4.353099999999999881e+01;1.517999999999999972e+01
2.300000000000000000e+01;1.780999999999999943e+02;4.353099999999999881e+01;1.500000000000000000e+01
2.310000000000000142e+01;1.786599999999999966e+02;4.375600000000000023e+01;1.497000000000000064e+01
2.319999999999999929e+01;1.781800000000000068e+02;4.375600000000000023e+01;1.492999999999999972e+01
2.330000000000000071e+01;1.781200000000000045e+02;4.402000000000000313e+01;1.490000000000000036e+01
2.339999999999999858e+01;1.782199999999999989e+02;4.402000000000000313e+01;1.485999999999999943e+01
2.350000000000000000e+01;1.785999999999999943e+02;4.348700000000000188e+01;1.482000000000000028e+01
2.360000000000000142e+01;1.785999999999999943e+02;4.348700000000000188e+01;1.478999999999999915e+01
2.369999999999999929e+01;1.788400000000000034e+02;4.295600000000000307e+01;1.475999999999999979e+01
2.380000000000000071e+01;1.788600000000000136e+02;4.295600000000000307e+01;1.472000000000000064e+01
2.389999999999999858e+01;1.796699999999999875e+02;4.338400000000000034e+01;1.468999999999999950e+01
2.400000000000000000e+01;1.786599999999999966e+02;4.338400000000000034e+01;1.451999999999999957e+01
2.410000000000000142e+01;1.787400000000000091e+02;4.359599999999999653e+01;1.449000000000000021e+01
2.419999999999999929e+01;1.788300000000000125e+02;4.359599999999999653e+01;1.444999999999999929e+01
2.430000000000000071e+01;1.790800000000000125e+02;4.301299999999999812e+01;1.441999999999999993e+01
2.439999999999999858e+01;1.786800000000000068e+02;4.301299999999999812e+01;1.439000000000000057e+01
2.450000000000000000e+01;1.793899999999999864e+02;4.317000000000000171e+01;1.435999999999999943e+01
2.460000000000000142e+01;1.795500000000000114e+02;4.317000000000000171e+01;1.432000000000000028e+01
2.469999999999999929e+01;1.795600000000000023e+02;4.378799999999999670e+01;1.428999999999999915e+01
2.480000000000000071e+01;1.796399999999999864e+02;4.378799999999999670e+01;1.425999999999999979e+01
2.489999999999999858e+01;1.796299999999999955e+02;4.444100000000000250e+01;1.423000000000000043e+01
2.500000000000000000e+01;1.795399999999999920e+02;4.444100000000000250e+01;1.408000000000000007e+01
2.510000000000000142e+01;1.795699999999999932e+02;4.431099999999999994e+01;1.403999999999999915e+01
2.519999999999999929e+01;1.788199999999999932e+02;4.431099999999999994e+01;1.400999999999999979e+01
2.530000000000000071e+01;1.798199999999999932e+02;4.357000000000000028e+01;1.398000000000000043e+01
2.539999999999999858e+01;1.802800000000000011e+02;4.357000000000000028e+01;1.394999999999999929e+01
2.550000000000000000e+01;1.801399999999999864e+02;4.266700000000000159e+01;1.391999999999999993e+01
2.560000000000000142e+01;1.806299999999999955e+02;4.266700000000000159e+01;1.389000000000000057e+01
2.569999999999999929e+01;1.800900000000000034e+02;4.141899999999999693e+01;1.375000000000000000e+01
2.580000000000000071e+01;1.802700000000000102e+02;4.141899999999999693e+01;1.372000000000000064e+01
2.589999999999999858e+01;1.802199999999999989e+02;4.074900000000000233e+01;1.368999999999999950e+01
2.600000000000000000e+01;1.804799999999999898e+02;4.074900000000000233e+01;1.366000000000000014e+01
2.610000000000000142e+01;1.807700000000000102e+02;4.028499999999999659e+01;1.363000000000000078e+01
2.619999999999999929e+01;1.806999999999999886e+02;4.028499999999999659e+01;1.359999999999999964e+01
2.630000000000000071e+01;1.810999999999999943e+02;3.995199999999999818e+01;1.358000000000000007e+01
2.639999999999999858e+01;1.815399999999999920e+02;3.995199999999999818e+01;1.355000000000000071e+01
2.650000000000000000e+01;1.808899999999999864e+02;3.959000000000000341e+01;1.341000000000000014e+01
2.660000000000000142e+01;1.810699999999999932e+02;3.959000000000000341e+01;1.338000000000000078e+01
2.669999999999999929e+01;1.811599999999999966e+02;3.970300000000000296e+01;1.335999999999999943e+01
2.680000000000000071e+01;1.812899999999999920e+02;3.970300000000000296e+01;1.333000000000000007e+01
2.689999999999999858e+01;1.816399999999999864e+02;3.975300000000000011e+01;1.330000000000000071e+01
2.700000000000000000e+01;1.817100000000000080e+02;3.975300000000000011e+01;1.327999999999999936e+01
2.710000000000000142e+01;1.818499999999999943e+02;3.956700000000000017e+01;1.325000000000000000e+01
2.719999999999999929e+01;1.816599999999999966e+02;3.956700000000000017e+01;1.310999999999999943e+01
2.730000000000000071e+01;1.817500000000000000e+02;3.950800000000000267e+01;1.308999999999999986e+01
2.739999999999999858e+01;1.817400000000000091e+02;3.950800000000000267e+01;1.307000000000000028e+01
2.750000000000000000e+01;1.801399999999999864e+02;3.950500000000000256e+01;1.303999999999999915e+01
2.760000000000000142e+01;1.822500000000000000e+02;3.950500000000000256e+01;1.301999999999999957e+01
2.769999999999999929e+01;1.827400000000000091e+02;3.958800000000000097e+01;1.300000000000000000e+01
2.780000000000000071e+01;1.823300000000000125e+02;3.958800000000000097e+01;1.297000000000000064e+01
2.789999999999999858e+01;1.823199999999999932e+02;3.944299999999999784e+01;1.294999999999999929e+01
2.800000000000000000e+01;1.825600000000000023e+02;3.944299999999999784e+01;1.291999999999999993e+01
2.810000000000000142e+01;1.822500000000000000e+02;3.917799999999999727e+01;1.278999999999999915e+01
2.819999999999999929e+01;1.824199999999999875e+02;3.917799999999999727e+01;1.276999999999999957e+01
2.830000000000000071e+01;1.824399999999999977e+02;3.900200000000000244e+01;1.275000000000000000e+01
2.839999999999999858e+01;1.815800000000000125e+02;3.900200000000000244e+01;1.272000000000000064e+01
2.850000000000000000e+01;1.827100000000000080e+02;3.877600000000000335e+01;1.269999999999999929e+01
2.860000000000000142e+01;1.826999999999999886e+02;3.877600000000000335e+01;1.267999999999999972e+01
2.869999999999999929e+01;1.828000000000000114e+02;3.856700000000000017e+01;1.266000000000000014e+01
2.880000000000000071e+01;1.825200000000000102e+02;3.856700000000000017e+01;1.252999999999999936e+01
2.889999999999999858e+01;1.825699999999999932e+02;3.870100000000000051e+01;1.250999999999999979e+01
2.900000000000000000e+01;1.824499999999999886e+02;3.870100000000000051e+01;1.249000000000000021e+01
2.910000000000000142e+01;1.828899999999999864e+02;3.867699999999999960e+01;1.247000000000000064e+01
2.919999999999999929e+01;1.827599999999999909e+02;3.867699999999999960e+01;1.244999999999999929e+01
2.930000000000000071e+01;1.828799999999999955e+02;3.852300000000000324e+01;1.241999999999999993e+01
2.939999999999999858e+01;1.828799999999999955e+02;3.852300000000000324e+01;1.240000000000000036e+01
2.950000000000000000e+01;1.827700000000000102e+02;3.842099999999999937e+01;1.227999999999999936e+01
2.960000000000000142e+01;1.828199999999999932e+02;3.842099999999999937e+01;1.225999999999999979e+01
2.969999999999999929e+01;1.827199999999999989e+02;3.857900000000000063e+01;1.224000000000000021e+01
2.980000000000000071e+01;1.828600000000000136e+02;3.857900000000000063e+01;1.222000000000000064e+01
2.989999999999999858e+01;1.830200000000000102e+02;3.870799999999999841e+01;1.219999999999999929e+01
3.000000000000000000e+01;1.829300000000000068e+02;3.870799999999999841e+01;1.217999999999999972e+01
3.010000000000000142e+01;1.829799999999999898e+02;3.861399999999999721e+01;1.216999999999999993e+01
3.019999999999999929e+01;1.826599999999999966e+02;3.861399999999999721e+01;1.203999999999999915e+01
3.030000000000000071e+01;1.827599999999999909e+02;3.845300000000000296e+01;1.201999999999999957e+01
3.039999999999999858e+01;1.825500000000000114e+02;3.845300000000000296e+01;1.200000000000000000e+01
3.050000000000000000e+01;1.834199999999999875e+02;3.840699999999999648e+01;1.199000000000000021e+01
3.060000000000000142e+01;1.829600000000000080e+02;3.840699999999999648e+01;1.197000000000000064e+01
3.069999999999999929e+01;1.824199999999999875e+02;3.794899999999999807e+01;1.194999999999999929e+01
3.080000000000000071e+01;1.827700000000000102e+02;3.794899999999999807e+01;1.183000000000000007e+01
3.089999999999999858e+01;1.826399999999999864e+02;3.787199999999999989e+01;1.182000000000000028e+01
3.100000000000000000e+01;1.827199999999999989e+02;3.787199999999999989e+01;1.180000000000000071e+01
3.110000000000000142e+01;1.827700000000000102e+02;3.769500000000000028e+01;1.177999999999999936e+01
3.119999999999999929e+01;1.828400000000000034e+02;3.769500000000000028e+01;1.175999999999999979e+01
3.130000000000000071e+01;1.834000000000000057e+02;3.767000000000000171e+01;1.174000000000000021e+01
3.139999999999999858e+01;1.835699999999999932e+02;3.767000000000000171e+01;1.173000000000000043e+01
3.150000000000000000e+01;1.828600000000000136e+02;3.782200000000000273e+01;1.171000000000000085e+01
3.160000000000000142e+01;1.824900000000000091e+02;3.782200000000000273e+01;1.159999999999999964e+01
3.169999999999999929e+01;1.823199999999999932e+02;3.782999999999999829e+01;1.158000000000000007e+01
3.180000000000000071e+01;1.824799999999999898e+02;3.782999999999999829e+01;1.156000000000000050e+01
3.189999999999999858e+01;1.824000000000000057e+02;3.772399999999999665e+01;1.155000000000000071e+01
3.200000000000000000e+01;1.823799999999999955e+02;3.772399999999999665e+01;1.152999999999999936e+01
3.210000000000000142e+01;1.826399999999999864e+02;3.787500000000000000e+01;1.151999999999999957e+01
3.220000000000000284e+01;1.826500000000000057e+02;3.787500000000000000e+01;1.150000000000000000e+01
3.229999999999999716e+01;1.825200000000000102e+02;3.810399999999999920e+01;1.149000000000000021e+01
3.239999999999999858e+01;1.824399999999999977e+02;3.810399999999999920e+01;1.147000000000000064e+01
3.250000000000000000e+01;1.824199999999999875e+02;3.811800000000000210e+01;1.144999999999999929e+01
3.260000000000000142e+01;1.819699999999999989e+02;3.811800000000000210e+01;1.133999999999999986e+01
3.270000000000000284e+01;1.819199999999999875e+02;3.809599999999999653e+01;1.133000000000000007e+01
3.279999999999999716e+01;1.819199999999999875e+02;3.809599999999999653e+01;1.132000000000000028e+01
3.289999999999999858e+01;1.817899999999999920e+02;3.806199999999999761e+01;1.130000000000000071e+01
3.300000000000000000e+01;1.820900000000000034e+02;3.806199999999999761e+01;1.128999999999999915e+01
3.310000000000000142e+01;1.820600000000000023e+02;3.811899999999999977e+01;1.126999999999999957e+01
3.320000000000000284e+01;1.815300000000000011e+02;3.811899999999999977e+01;1.125999999999999979e+01
3.329999999999999716e+01;1.819000000000000057e+02;3.821500000000000341e+01;1.124000000000000021e+01
3.339999999999999858e+01;1.815800000000000125e+02;3.821500000000000341e+01;1.114000000000000057e+01
3.350000000000000000e+01;1.814799999999999898e+02;3.837700000000000244e+01;1.111999999999999922e+01
3.360000000000000142e+01;1.813499999999999943e+02;3.837700000000000244e+01;1.110999999999999943e+01
3.370000000000000284e+01;1.816800000000000068e+02;3.845199999999999818e+01;1.108999999999999986e+01
3.379999999999999716e+01;1.816699999999999875e+02;3.845199999999999818e+01;1.108000000000000007e+01
3.389999999999999858e+01;1.816999999999999886e+02;3.869800000000000040e+01;1.106000000000000050e+01
3.400000000000000000e+01;1.812500000000000000e+02;3.869800000000000040e+01;1.096000000000000085e+01
3.410000000000000142e+01;1.809300000000000068e+02;3.891299999999999670e+01;1.094999999999999929e+01
3.420000000000000284e+01;1.809199999999999875e+02;3.891299999999999670e+01;1.092999999999999972e+01
3.429999999999999716e+01;1.799399999999999977e+02;3.913100000000000023e+01;1.091999999999999993e+01
3.439999999999999858e+01;1.811100000000000136e+02;3.913100000000000023e+01;1.091000000000000014e+01
3.450000000000000000e+01;1.810999999999999943e+02;3.943800000000000239e+01;1.089000000000000057e+01
3.460000000000000142e+01;1.807299999999999898e+02;3.943800000000000239e+01;1.088000000000000078e+01
3.470000000000000284e+01;1.803600000000000136e+02;4.023499999999999943e+01;1.077999999999999936e+01
3.479999999999999716e+01;1.804799999999999898e+02;4.023499999999999943e+01;1.076999999999999957e+01
3.489999999999999858e+01;1.803199999999999932e+02;4.060799999999999699e+01;1.075000000000000000e+01
3.500000000000000000e+01;1.795099999999999909e+02;4.060799999999999699e+01;1.074000000000000021e+01
3.510000000000000142e+01;1.791599999999999966e+02;4.071500000000000341e+01;1.073000000000000043e+01
3.520000000000000284e+01;1.804099999999999966e+02;4.071500000000000341e+01;1.072000000000000064e+01
3.529999999999999716e+01;1.800900000000000034e+02;4.078900000000000148e+01;1.071000000000000085e+01
3.539999999999999858e+01;1.801899999999999977e+02;4.078900000000000148e+01;1.068999999999999950e+01
3.550000000000000000e+01;1.797100000000000080e+02;4.086200000000000188e+01;1.058999999999999986e+01
3.560000000000000142e+01;1.800200000000000102e+02;4.086200000000000188e+01;1.058000000000000007e+01
3.570000000000000284e+01;1.795500000000000114e+02;4.087400000000000233e+01;1.057000000000000028e+01
3.579999999999999716e+01;1.795800000000000125e+02;4.087400000000000233e+01;1.056000000000000050e+01
3.589999999999999858e+01;1.794099999999999966e+02;4.085000000000000142e+01;1.055000000000000071e+01
3.600000000000000000e+01;1.796299999999999955e+02;4.085000000000000142e+01;1.053999999999999915e+01
3.610000000000000142e+01;1.794600000000000080e+02;4.069899999999999807e+01;1.052999999999999936e+01
3.620000000000000284e+01;1.794300000000000068e+02;4.069899999999999807e+01;1.050999999999999979e+01
3.629999999999999716e+01;1.794699999999999989e+02;4.070600000000000307e+01;1.050000000000000000e+01
3.639999999999999858e+01;1.793199999999999932e+02;4.070600000000000307e+01;1.049000000000000021e+01
3.650000000000000000e+01;1.787899999999999920e+02;4.077199999999999847e+01;1.039000000000000057e+01
3.660000000000000142e+01;1.788799999999999955e+02;4.077199999999999847e+01;1.039000000000000057e+01
3.670000000000000284e+01;1.786399999999999864e+02;4.095700000000000074e+01;1.038000000000000078e+01
3.679999999999999716e+01;1.785200000000000102e+02;4.095700000000000074e+01;1.035999999999999943e+01
3.689999999999999858e+01;1.780399999999999920e+02;4.154899999999999949e+01;1.034999999999999964e+01
3.700000000000000000e+01;1.787899999999999920e+02;4.154899999999999949e+01;1.033999999999999986e+01
3.710000000000000142e+01;1.786999999999999886e+02;4.198799999999999955e+01;1.033000000000000007e+01
3.720000000000000284e+01;1.784799999999999898e+02;4.198799999999999955e+01;1.032000000000000028e+01
3.729999999999999716e+01;1.785699999999999932e+02;4.223499999999999943e+01;1.031000000000000050e+01
3.739999999999999858e+01;1.780900000000000034e+02;4.223499999999999943e+01;1.022000000000000064e+01
3.750000000000000000e+01;1.780000000000000000e+02;4.246800000000000352e+01;1.021000000000000085e+01
3.760000000000000142e+01;1.787800000000000011e+02;4.246800000000000352e+01;1.019999999999999929e+01
3.770000000000000284e+01;1.779499999999999886e+02;4.262100000000000222e+01;1.018999999999999950e+01
3.779999999999999716e+01;1.779199999999999875e+02;4.262100000000000222e+01;1.017999999999999972e+01
3.789999999999999858e+01;1.780800000000000125e+02;4.268699999999999761e+01;1.016999999999999993e+01
3.800000000000000000e+01;1.779699999999999989e+02;4.268699999999999761e+01;1.016000000000000014e+01
3.810000000000000142e+01;1.775200000000000102e+02;4.272699999999999676e+01;1.007000000000000028e+01
3.820000000000000284e+01;1.775399999999999920e+02;4.272699999999999676e+01;1.006000000000000050e+01
3.829999999999999716e+01;1.775200000000000102e+02;4.258400000000000318e+01;1.005000000000000071e+01
3.839999999999999858e+01;1.775200000000000102e+02;4.258400000000000318e+01;1.003999999999999915e+01
3.850000000000000000e+01;1.777199999999999989e+02;4.263499999999999801e+01;1.002999999999999936e+01
3.860000000000000142e+01;1.776500000000000057e+02;4.263499999999999801e+01;1.001999999999999957e+01
3.870000000000000284e+01;1.775800000000000125e+02;4.282999999999999829e+01;1.000999999999999979e+01
3.879999999999999716e+01;1.772599999999999909e+02;4.282999999999999829e+01;9.919999999999999929e+00
3.889999999999999858e+01;1.772100000000000080e+02;4.327100000000000080e+01;9.910000000000000142e+00
3.900000000000000000e+01;1.771599999999999966e+02;4.327100000000000080e+01;9.900000000000000355e+00
3.910000000000000142e+01;1.770699999999999932e+02;4.394400000000000261e+01;9.900000000000000355e+00
3.920000000000000284e+01;1.771699999999999875e+02;4.394400000000000261e+01;9.890000000000000568e+00
3.929999999999999716e+01;1.765600000000000023e+02;4.485799999999999699e+01;9.880000000000000782e+00
3.939999999999999858e+01;1.780600000000000023e+02;4.485799999999999699e+01;9.869999999999999218e+00
3.950000000000000000e+01;1.772800000000000011e+02;4.508599999999999852e+01;9.859999999999999432e+00
3.960000000000000142e+01;1.771699999999999875e+02;4.508599999999999852e+01;9.849999999999999645e+00
3.970000000000000284e+01;1.772400000000000091e+02;4.494700000000000273e+01;9.839999999999999858e+00
3.979999999999999716e+01;1.761800000000000068e+02;4.494700000000000273e+01;9.759999999999999787e+00
3.989999999999999858e+01;1.769000000000000057e+02;4.483100000000000307e+01;9.750000000000000000e+00
